run_number,clean,corrupted,restored_token,restored
0,"(' director', 0.04683662950992584)","(' more', 0.0003422411682549864)",0,"[(' former', 0.027654297649860382), (' first', 0.0006849411875009537), (' ""', 0.00014437372738029808), (' Supreme', 0.00022219591483008116), (' ""', 0.00021868360636290163), (' ""', 0.00034636020427569747), (' first', 0.0002761703508440405), (' world', 0.00015956765855662525), (' first', 0.00041032544686459005), (' one', 0.0003699296503327787), (' sound', 7.072713924571872e-05), (' first', 0.0003904118202626705), (' first', 0.00013823692279402167), (' King', 7.825030479580164e-05), (' world', 0.00018011036445386708), (' Dragon', 8.198011346394196e-05), (' first', 0.00016343143943231553), (' best', 0.0005448788870126009), (' first', 0.00028990808641538024), (' first', 0.00038982165278866887), (' world', 0.00022845117200631648), (' Lord', 0.00016120969667099416), (' first', 0.0007030465640127659), (' first', 2.624338594614528e-05), (' best', 0.0002089854096993804), (' first', 0.0003728889278136194), (' king', 0.0001293869427172467), (' god', 0.0001186139415949583), (',', 6.738976662745699e-05), (' ""', 0.00011718458699760959), (' first', 0.00011891486792592332), (' first', 0.0003742333792615682), (' name', 0.0002172451640944928), (' game', 0.0002675266587175429), (' ""', 8.631713717477396e-05), (' first', 9.228009730577469e-05), (' the', 1.4342786016641185e-06), (',', 0.0001929682184709236), (' power', 0.00010758994903881103), (' first', 0.00018476243712939322), (' word', 0.00014792880392633379), (' only', 0.000126733080833219), (' first', 0.0004587435396388173), (' one', 0.0002165293990401551), (' Great', 0.0003414546081330627), (' new', 7.37903465051204e-05), (' first', 0.00024013328948058188), (' game', 0.0009057989227585495)]"
0,"(' director', 0.04683662950992584)","(' more', 0.0003422411682549864)",1,"[(' God', 0.0001280203287024051), (' ""', 0.001943953800946474), (' ""', 0.00026614044327288866), (' name', 0.00042044834117405117), (' king', 0.0004107421846129), (' first', 0.00017360901983920485), (' first', 0.00039845684659667313), (' head', 0.0019672431517392397), (' first', 8.41297151055187e-05), (' first', 0.00026924273697659373), (' one', 0.0007225358276627958), (' name', 0.0004344770568422973), (' first', 0.0004120842495467514), (' sound', 0.00039957393892109394), (' God', 0.0002066285233013332), (' first', 0.00047757953871041536), (' first', 0.0018511699745431542), (' first', 0.0003573446301743388), (' name', 0.00018816025112755597), (' name', 0.00039633800042793155), (' first', 0.0004441868222784251), (' name', 0.0007905957754701376), (' world', 0.00022844757768325508), (' only', 0.00012798378884326667), (' first', 0.0007854337454773486), (' world', 0.00030490776407532394), (' King', 9.522852633381262e-05), (' price', 0.00034252306795679033), (' first', 0.0005701592890545726), (' whole', 0.0002469355531502515), (' first', 0.0013143611140549183), (' first', 0.0003421636938583106), (' sound', 0.00014827084669377655), (' first', 6.718022632412612e-05), (' name', 0.0003542314516380429), (' first', 0.0001651498896535486), (' more', 0.00019103926024399698), (' name', 0.000602169893682003), (' sound', 0.0003239505458623171), (' first', 0.00024886129540391266), (' first', 0.0001502873928984627), (' King', 0.00043498940067365766), (' first', 6.772545748390257e-05), (' name', 0.00020324307843111455), (' world', 0.00027607602532953024), (' Thief', 5.756255632149987e-05), (' first', 0.00017418288916815072), (' King', 0.00010733977251220495)]"
0,"(' director', 0.04683662950992584)","(' more', 0.0003422411682549864)",2,"[(' head', 0.019096819683909416), (' first', 0.0002583481837064028), (' first', 0.00043859018478542566), (' word', 0.00017664568440522999), (',', 1.1569189837246086e-06), (' ""', 0.0008235486457124352), (' head', 0.012830613180994987), (' one', 0.00024902477161958814), (' head', 0.01689758338034153), (' first', 0.003245492232963443), (' Goddess', 0.00030010100454092026), (' ""', 0.00014864436525385827), (' Yas', 5.876319846720435e-05), (' word', 0.0004941587103530765), (' first', 0.00047799843014217913), (' the', 1.0186097370024072e-06), (' first', 0.00026733503909781575), (' game', 0.0003331297484692186), (' first', 0.0005581742734648287), (' first', 0.0004603725392371416), (' only', 0.00018470441864337772), (' first', 0.00026029584114439785), (' first', 0.0007338054128922522), (' first', 0.0006421470898203552), (' new', 0.0016194963827729225), (' name', 0.00018480024300515652), (' former', 0.0050522759556770325), (' first', 0.0005199473234824836), (' capital', 0.00017569423653185368), (' Hindu', 4.496813198784366e-05), (' first', 0.000568446412216872), (' man', 0.004013954661786556), (' Light', 1.8514891735321726e-06), (' world', 0.00013805361231788993), (' Great', 0.00010629845201037824), (' first', 0.0005364053649827838), (' world', 0.00020946392032783478), (' company', 0.0013640059623867273), (' name', 0.0002712629793677479), (' King', 0.0003460103180259466), (' first', 0.00033756348420865834), (' first', 0.00037353872903622687), (' Shining', 0.00010820481838891283), (' world', 0.00019331635849084705), (' only', 0.0001852680288720876), (' ""', 0.00028286813176237047), (' first', 8.732316200621426e-05), (' God', 8.164750033756718e-05)]"
0,"(' director', 0.04683662950992584)","(' more', 0.0003422411682549864)",3,"[(' Japanese', 0.00047460669884458184), (' first', 0.0007908258121460676), (' word', 0.000452017062343657), (' Japanese', 0.018215250223875046), (' man', 0.017484178766608238), (' first', 0.0011503458954393864), (' director', 0.03156139329075813), (' first', 0.000978166819550097), (' ""', 0.0009027666528709233), (' Japanese', 0.0024023419246077538), (' first', 0.0005358195630833507), (' first', 0.0007665751618333161), (' Japanese', 0.008612441830337048), (' game', 0.0006782947457395494), (' Japanese', 0.0005436270730569959), (' Japanese', 0.001511261099949479), (' first', 0.0015705801779404283), (' first', 0.0013493031729012728), (' Japanese', 0.0011211830424144864), (' the', 3.076478947150463e-07), (' Japanese', 0.008635596372187138), (' Japanese', 0.0009794995421543717), (' Japanese', 0.00033452617935836315), (' Japanese', 0.000918036384973675), (' former', 0.012753278017044067), (' dragon', 9.032920934259892e-05), (' sound', 0.000290198833681643), (' first', 0.0013659391552209854), ('\n', 3.994548387709074e-05), (' world', 0.00018611577979754657), (',', 0.0001322034513577819), (' first', 0.00023841705115046352), (' Japanese', 0.0001389386598020792), (' name', 8.972758223535493e-05), (' first', 0.0002639234298840165), (' more', 0.0006531962426379323), (' power', 0.00011900881509063765), (' former', 0.00025246909353882074), (' way', 0.00023684320331085473), (' water', 4.40058320236858e-05), (' only', 0.0004516445624176413), (' latest', 0.001002408447675407), (' first', 0.0004272872756700963), (' most', 0.0002956481766887009), (' more', 0.0002250633406220004), (' great', 0.0001613084605196491), (' company', 0.0008551334030926228), (' king', 0.00042260996997356415)]"
1,"(' the', 0.5057623982429504)","(' the', 0.3119785487651825)",0,"[(' the', 0.2946891784667969), (' the', 0.3216843008995056), (' the', 0.3770197629928589), (' the', 0.3445809483528137), (' the', 0.29996317625045776), (' the', 0.17384733259677887), (' the', 0.24533800780773163), (' the', 0.4364519417285919), (' the', 0.3648034334182739), (' the', 0.6451560854911804), (' the', 0.37865909934043884), (' the', 0.42305779457092285), (' the', 0.2811078429222107), (' the', 0.6525421142578125), (' the', 0.3571811616420746), (' the', 0.3126125931739807), (' the', 0.34989193081855774), (' the', 0.525512158870697), (' the', 0.3230062425136566), (' the', 0.4083784222602844), (' the', 0.28906556963920593), (' the', 0.34367457032203674), (' the', 0.3018929064273834), (' the', 0.4157407879829407), (' the', 0.314476877450943), (' the', 0.2674306035041809), (' the', 0.39605188369750977), (' the', 0.2646942734718323), (' the', 0.3708747923374176), (' the', 0.6620504260063171), (' the', 0.5213616490364075), (' the', 0.43837594985961914), (' the', 0.44952982664108276), (' the', 0.2492685616016388), (' the', 0.3772825002670288), (' the', 0.4273396134376526), (' the', 0.37371334433555603), (' the', 0.4377591013908386), (' the', 0.3211860656738281), (' the', 0.21114660799503326), (' the', 0.32454541325569153), (' the', 0.19830073416233063), (' the', 0.4229273200035095), (' the', 0.5107877850532532), (' the', 0.26334959268569946), (' the', 0.321004182100296), (' the', 0.22828683257102966), (' the', 0.2567594051361084)]"
1,"(' the', 0.5057623982429504)","(' the', 0.3119785487651825)",1,"[(' the', 0.40947777032852173), (' the', 0.48613935708999634), (' the', 0.2571922540664673), (' the', 0.7271462678909302), (' the', 0.48824143409729004), (' the', 0.49889856576919556), (' the', 0.22668565809726715), (' the', 0.4485922157764435), (' the', 0.29778534173965454), (' the', 0.2810159921646118), (' the', 0.3879464864730835), (' the', 0.3793947100639343), (' the', 0.3423192501068115), (' the', 0.44611313939094543), (' the', 0.36663055419921875), (' the', 0.5045530200004578), (' the', 0.3101103901863098), (' the', 0.429015189409256), (' the', 0.4591541588306427), (' the', 0.2701117992401123), (' the', 0.5005192160606384), (' the', 0.7790716290473938), (' the', 0.338641881942749), (' the', 0.29400739073753357), (' the', 0.37720081210136414), (' the', 0.34485191106796265), (' the', 0.4129793345928192), (' the', 0.335251122713089), (' the', 0.4152967035770416), (' the', 0.3740963637828827), (' the', 0.4157629907131195), (' the', 0.5165943503379822), (' the', 0.3429918587207794), (' the', 0.4567163586616516), (' the', 0.4199422299861908), (' the', 0.36206865310668945), (' the', 0.4287383556365967), (' the', 0.35042789578437805), (' the', 0.3730928301811218), (' the', 0.4533270299434662), (' the', 0.4220323860645294), (' the', 0.38911983370780945), (' the', 0.5818973779678345), (' the', 0.23159551620483398), (' the', 0.40517234802246094), (' the', 0.5169832706451416), (' the', 0.5037562251091003), (' the', 0.5027853846549988)]"
1,"(' the', 0.5057623982429504)","(' the', 0.3119785487651825)",2,"[(' the', 0.21414487063884735), (' the', 0.4338480234146118), (' the', 0.2416931390762329), (' the', 0.24791556596755981), (' the', 0.27316904067993164), (' the', 0.2812787890434265), (' the', 0.309996634721756), (' the', 0.3064521849155426), (' the', 0.28706085681915283), (' the', 0.47593361139297485), (' the', 0.4211248755455017), (' the', 0.24375607073307037), (' the', 0.25552621483802795), (' the', 0.2925897538661957), (' the', 0.3247230052947998), (' the', 0.292531281709671), (' the', 0.33129289746284485), (' the', 0.34078332781791687), (' the', 0.32492998242378235), (' the', 0.2454986423254013), (' the', 0.3554269075393677), (' the', 0.23187123239040375), (' the', 0.2958005666732788), (' the', 0.2527328133583069), (' the', 0.35359859466552734), (' the', 0.36194750666618347), (' the', 0.29069986939430237), (' the', 0.22739684581756592), (' the', 0.4192371368408203), (' the', 0.29810377955436707), (' the', 0.32986652851104736), (' the', 0.2755518853664398), (' the', 0.5768004059791565), (' the', 0.38789063692092896), (' the', 0.5204190015792847), (' the', 0.351199209690094), (' the', 0.3541770279407501), (' the', 0.3444344997406006), (' the', 0.4039532244205475), (' the', 0.4932135045528412), (' the', 0.5728557109832764), (' the', 0.2417709082365036), (' the', 0.4408915042877197), (' the', 0.25319528579711914), (' the', 0.29754331707954407), (' the', 0.3697746694087982), (' the', 0.3014659881591797), (' the', 0.3480830490589142)]"
1,"(' the', 0.5057623982429504)","(' the', 0.3119785487651825)",3,"[(' the', 0.25471556186676025), (' the', 0.3351951241493225), (' the', 0.2180914431810379), (' the', 0.27161312103271484), (' the', 0.2515963613986969), (' the', 0.23435631394386292), (' the', 0.21119830012321472), (' the', 0.23211660981178284), (' the', 0.19496794044971466), (' the', 0.5223351716995239), (' the', 0.5590000152587891), (' the', 0.28247514367103577), (' the', 0.3454098701477051), (' the', 0.39673832058906555), (' the', 0.39417630434036255), (' the', 0.36016008257865906), (' the', 0.1628027707338333), (' the', 0.24841250479221344), (' the', 0.3996768593788147), (' the', 0.362183541059494), (' the', 0.41460981965065), (' the', 0.4671119153499603), (' the', 0.40753212571144104), (' the', 0.3378489315509796), (' the', 0.26524028182029724), (' the', 0.3626517653465271), (' the', 0.503853440284729), (' the', 0.3680110275745392), (' the', 0.5697935819625854), (' the', 0.3087739050388336), (' the', 0.33700037002563477), (' the', 0.3157900273799896), (' the', 0.7292510867118835), (' the', 0.2420390248298645), (' the', 0.4359422028064728), (' the', 0.28585028648376465), (' the', 0.3651668429374695), (' the', 0.5042847394943237), (' the', 0.5033969879150391), (' the', 0.5433225035667419), (' the', 0.32746225595474243), (' the', 0.2591553032398224), (' the', 0.22939801216125488), (' the', 0.6577895283699036), (' the', 0.48306766152381897), (' the', 0.534159243106842), (' the', 0.337128221988678), (' the', 0.6728067398071289)]"
1,"(' the', 0.5057623982429504)","(' the', 0.3119785487651825)",4,"[(' the', 0.5691347718238831), (' the', 0.48739516735076904), (' the', 0.5547630190849304), (' the', 0.426603227853775), (' the', 0.4215466380119324), (' the', 0.4659809172153473), (' the', 0.44213277101516724), (' the', 0.40627965331077576), (' the', 0.5472506284713745), (' the', 0.5467584729194641), (' the', 0.32172322273254395), (' the', 0.48050448298454285), (' the', 0.38742226362228394), (' the', 0.3885762393474579), (' the', 0.5893558859825134), (' the', 0.5517656803131104), (' the', 0.5038822293281555), (' the', 0.36419543623924255), (' the', 0.5212573409080505), (' the', 0.5241272449493408), (' the', 0.43489354848861694), (' the', 0.4862234592437744), (' the', 0.31172338128089905), (' the', 0.38925498723983765), (' the', 0.5437081456184387), (' the', 0.35587286949157715), (' the', 0.40928009152412415), (' the', 0.48546943068504333), (' the', 0.5594547390937805), (' the', 0.48655804991722107), (' the', 0.32128623127937317), (' the', 0.3758681118488312), (' the', 0.31776973605155945), (' the', 0.3818757236003876), (' the', 0.3412691354751587), (' the', 0.28746023774147034), (' the', 0.5207807421684265), (' the', 0.2709389626979828), (' the', 0.31472909450531006), (' the', 0.37999874353408813), (' the', 0.4629057049751282), (' the', 0.4226211905479431), (' the', 0.5747940540313721), (' the', 0.40410375595092773), (' the', 0.32803553342819214), (' the', 0.4964323043823242), (' the', 0.4915439784526825), (' the', 0.3406507074832916)]"
2,"(' the', 0.10333127528429031)","(' the', 0.2452762871980667)",0,"[(' the', 0.1906992495059967), (' the', 0.14559392631053925), (' the', 0.4508557617664337), (' the', 0.28595834970474243), (' the', 0.4810829162597656), (' the', 0.1592777669429779), (' the', 0.2662481963634491), (' the', 0.15545552968978882), (' the', 0.1766732633113861), (' the', 0.14426010847091675), (' the', 0.19751527905464172), (' the', 0.29879075288772583), (' the', 0.26512348651885986), (' the', 0.32212594151496887), (' the', 0.21622246503829956), (' the', 0.1677088588476181), (' the', 0.17133836448192596), (' the', 0.21808570623397827), (' the', 0.21426492929458618), (' the', 0.1572190225124359), (' the', 0.1350831836462021), (' the', 0.2504597008228302), (' the', 0.170122429728508), (' the', 0.19374559819698334), (' the', 0.20756466686725616), (' the', 0.17514754831790924), (' the', 0.3096427619457245), (' the', 0.131554514169693), (' the', 0.18816572427749634), (' the', 0.2703799903392792), (' the', 0.24357624351978302), (' the', 0.12893186509609222), (' the', 0.23380543291568756), (' the', 0.24474552273750305), (' the', 0.3687354028224945), (' the', 0.30220380425453186), (' the', 0.14537692070007324), (' the', 0.14846579730510712), (' the', 0.2918036878108978), (' the', 0.41445350646972656), (' the', 0.24881534278392792), (' the', 0.22417689859867096), (' the', 0.21591311693191528), (' the', 0.2920720875263214), (' the', 0.15531401336193085), (' the', 0.18231259286403656), (' the', 0.4553951025009155), (' the', 0.1261356920003891)]"
2,"(' the', 0.10333127528429031)","(' the', 0.2452762871980667)",1,"[(' the', 0.26420119404792786), (' the', 0.276990681886673), (' the', 0.15721064805984497), (' the', 0.16660335659980774), (' the', 0.17530786991119385), (' the', 0.17044758796691895), (' the', 0.19460195302963257), (' in', 0.07909294962882996), (' the', 0.38848385214805603), (' the', 0.2396305352449417), (' the', 0.5795665383338928), (' the', 0.16762197017669678), (' the', 0.3043873608112335), (' the', 0.13679011166095734), (' the', 0.15665216743946075), (' the', 0.2063199132680893), (' the', 0.2559344470500946), (' the', 0.18679095804691315), (' the', 0.3807096481323242), (' the', 0.14928053319454193), (' the', 0.2349366396665573), (' the', 0.23448427021503448), (' the', 0.27367448806762695), (' the', 0.1938789337873459), (' the', 0.2048235982656479), (' the', 0.15490825474262238), (' the', 0.2552618682384491), (' the', 0.23757688701152802), (' the', 0.19343608617782593), (' the', 0.35351142287254333), (' the', 0.1605021208524704), (' the', 0.24397101998329163), (' the', 0.29789891839027405), (' the', 0.39467814564704895), (' the', 0.23367393016815186), (' the', 0.36608535051345825), (' the', 0.16717489063739777), (' the', 0.12744195759296417), (' the', 0.41300010681152344), (' the', 0.2933271527290344), (' the', 0.28290557861328125), (' the', 0.30052074790000916), (' the', 0.2142799198627472), (' the', 0.6247416734695435), (' the', 0.38822445273399353), (' the', 0.3072071075439453), (' the', 0.20303849875926971), (' the', 0.22889690101146698)]"
2,"(' the', 0.10333127528429031)","(' the', 0.2452762871980667)",2,"[(' the', 0.1718323528766632), (' the', 0.21563754975795746), (' the', 0.3718594014644623), (' the', 0.2149859517812729), (' the', 0.40575146675109863), (' the', 0.2189747840166092), (' the', 0.14164945483207703), (' the', 0.17470796406269073), (' the', 0.16890832781791687), (' the', 0.14652125537395477), (' the', 0.2865021526813507), (' the', 0.24580025672912598), (' the', 0.25309672951698303), (' the', 0.2446529120206833), (' the', 0.25352373719215393), (' the', 0.32528412342071533), (' the', 0.19514961540699005), (' the', 0.14651143550872803), (' the', 0.3361581861972809), (' the', 0.1502687633037567), (' the', 0.16308608651161194), (' the', 0.18821217119693756), (' the', 0.4235990345478058), (' the', 0.17715975642204285), (' the', 0.2661464810371399), (' the', 0.168064147233963), (' the', 0.18453174829483032), (' the', 0.20733897387981415), (' the', 0.19043752551078796), (' the', 0.29660362005233765), (' the', 0.20113392174243927), (' the', 0.15143470466136932), (' the', 0.19208531081676483), (' the', 0.262441486120224), (' the', 0.21675173938274384), (' the', 0.2330532968044281), (' the', 0.2459440380334854), (' the', 0.18408340215682983), (' the', 0.16668301820755005), (' the', 0.2227458357810974), (' the', 0.13443337380886078), (' the', 0.2280987799167633), (' the', 0.23885269463062286), (' the', 0.3113580644130707), (' the', 0.18422403931617737), (' the', 0.42276713252067566), (' the', 0.20455415546894073), (' the', 0.20663101971149445)]"
2,"(' the', 0.10333127528429031)","(' the', 0.2452762871980667)",3,"[(' the', 0.15704013407230377), (' the', 0.18968194723129272), (' the', 0.1428290456533432), (' the', 0.2987656891345978), (' the', 0.20403467118740082), (' the', 0.49943533539772034), (' the', 0.234246164560318), (' the', 0.1639990508556366), (' the', 0.15634463727474213), (' the', 0.19631166756153107), (' the', 0.1663842797279358), (' the', 0.7441983222961426), (' the', 0.1947237104177475), (' the', 0.14847972989082336), (' the', 0.19414719939231873), (' the', 0.12059549242258072), (' the', 0.299226850271225), (' the', 0.17928378283977509), (' the', 0.15090613067150116), (' the', 0.13070841133594513), (' the', 0.19885607063770294), (' the', 0.20129971206188202), (' the', 0.2189909964799881), (' the', 0.17882536351680756), (' the', 0.10945504158735275), (' the', 0.2094050645828247), (' the', 0.21207794547080994), (' the', 0.28548264503479004), (' the', 0.2276504635810852), (' the', 0.2627517282962799), (' the', 0.26992523670196533), (' the', 0.092086561024189), (' the', 0.3602675497531891), (' the', 0.14025896787643433), (' the', 0.20626476407051086), (' the', 0.16054166853427887), (' the', 0.29007309675216675), (' the', 0.35486868023872375), (' the', 0.1270427256822586), (' the', 0.4013645052909851), (' the', 0.19650211930274963), (' the', 0.39746278524398804), (' the', 0.17898552119731903), (' the', 0.20893995463848114), (' the', 0.17081378400325775), (' the', 0.12427225708961487), (' the', 0.16784262657165527), (' the', 0.2600627839565277)]"
2,"(' the', 0.10333127528429031)","(' the', 0.2452762871980667)",4,"[(' the', 0.23439271748065948), (' the', 0.2409917265176773), (' the', 0.20257523655891418), (' the', 0.39304181933403015), (' the', 0.16740718483924866), (' the', 0.13341869413852692), (' the', 0.3883446455001831), (' the', 0.22052372992038727), (' the', 0.37183642387390137), (' the', 0.20233912765979767), (' the', 0.15798728168010712), (' the', 0.155445396900177), (' the', 0.15872061252593994), (' the', 0.28486526012420654), (' the', 0.4727475345134735), (' the', 0.2815169095993042), (' the', 0.2226424366235733), (' the', 0.21227030456066132), (' the', 0.2704952359199524), (' the', 0.28310319781303406), (' the', 0.24422454833984375), (' the', 0.366608202457428), (' the', 0.20412980020046234), (' the', 0.2524588704109192), (' the', 0.2276393324136734), (' the', 0.24141007661819458), (' the', 0.2208014875650406), (' the', 0.19297689199447632), (' the', 0.3737486004829407), (' the', 0.17808671295642853), (' the', 0.3741583824157715), (' the', 0.30165934562683105), (' the', 0.2642025947570801), (' the', 0.21565847098827362), (' the', 0.47976255416870117), (' the', 0.2571047246456146), (' the', 0.3326413035392761), (' the', 0.196449875831604), (' the', 0.1578979790210724), (' the', 0.36515170335769653), (' the', 0.2646666467189789), (' the', 0.2666538953781128), (' the', 0.36669617891311646), (' the', 0.1632152497768402), (' the', 0.30859512090682983), (' the', 0.3538295030593872), (' the', 0.1778058111667633), (' the', 0.4530414938926697)]"
2,"(' the', 0.10333127528429031)","(' the', 0.2452762871980667)",5,"[(' the', 0.12296699732542038), (' the', 0.1628245860338211), (' the', 0.16969823837280273), (' the', 0.45435622334480286), (' the', 0.4276559352874756), (' the', 0.1614343822002411), (' the', 0.13539615273475647), (' the', 0.17271247506141663), (' the', 0.14708437025547028), (' the', 0.15472008287906647), (' the', 0.2412889152765274), (' the', 0.4966597557067871), (' the', 0.352793425321579), (' the', 0.42876172065734863), (' the', 0.17056401073932648), (' the', 0.411395400762558), (' the', 0.20602810382843018), (' the', 0.13916628062725067), (' the', 0.18843215703964233), (' the', 0.20905938744544983), (' the', 0.19948512315750122), (' the', 0.1729957014322281), (' the', 0.2632293701171875), (' the', 0.13688920438289642), (' the', 0.1905180662870407), (' the', 0.37159597873687744), (' the', 0.319161057472229), (' the', 0.20442511141300201), (' the', 0.34463536739349365), (' the', 0.1594250649213791), (' the', 0.2681460678577423), (' the', 0.41175487637519836), (' the', 0.16560368239879608), (' the', 0.12303758412599564), (' the', 0.252074271440506), (' the', 0.1415553092956543), (' the', 0.34528234601020813), (' the', 0.1646735668182373), (' the', 0.34024861454963684), (' the', 0.2279493659734726), (' the', 0.1299494206905365), (' the', 0.19459211826324463), (' the', 0.28738322854042053), (' the', 0.19294115900993347), (' the', 0.19555622339248657), (' the', 0.42970630526542664), (' the', 0.2944481670856476), (' the', 0.20200754702091217)]"
3,"(' Apple', 0.09302423149347305)","(' the', 0.0002486990124452859)",0,"[(' the', 0.0011361718643456697), (' the', 0.0029483153484761715), (' the', 0.00027788348961621523), (' the', 0.006929957307875156), (' the', 0.0117604685947299), (' the', 0.0027024908922612667), (' the', 0.0002444248821120709), (' the', 0.00030594150302931666), (' the', 0.0003662130329757929), (' the', 0.00022158661158755422), (' the', 0.0005826478009112179), (' the', 0.0010580687085166574), (' the', 0.0006954076234251261), (' the', 0.000730738160200417), (' the', 0.0023553280625492334), (' the', 0.0004421376797836274), (' the', 0.0013009750982746482), (' the', 0.0004893348086625338), (' the', 0.0005285183433443308), (' the', 0.0006269172881729901), (' the', 0.0002868894662242383), (' the', 0.00029938732041046023), (' the', 0.0003414845559746027), (' the', 0.00022435022401623428), (' the', 0.00041877522016875446), (' the', 0.0004852688580285758), (' the', 0.00048252003034576774), (' the', 0.0004654953954741359), (' the', 0.0005700685433112085), (' the', 0.0006578475004062057), (' the', 0.00038404870429076254), (' the', 0.00015020590217318386), (' the', 0.0005863262340426445), (' a', 0.000333602714817971), (' the', 0.0002268468524562195), (' the', 0.00019540810899343342), (' the', 0.00032696424750611186), (' the', 0.0006773729110136628), (' the', 0.00022878202435094863), (' the', 0.0014102758141234517), (' a', 5.820049409521744e-06), (' the', 0.0002755278837867081), (' the', 0.0008552874787710607), (' the', 0.0005964604206383228), (' the', 0.0004102335951756686), (' the', 0.00042644570930860937), (' the', 0.0002417805080767721), (' the', 0.0004241622518748045)]"
3,"(' Apple', 0.09302423149347305)","(' the', 0.0002486990124452859)",1,"[(' the', 0.002727700164541602), (' the', 0.0002936239179689437), (' the', 0.0009870585054159164), (' the', 0.004886867944151163), (' the', 0.009261184372007847), (' the', 0.029572350904345512), (' the', 0.00370241841301322), (' the', 0.006242060102522373), (' the', 0.014453001320362091), (' the', 0.008650528267025948), (' the', 0.04713328927755356), (' the', 0.007628490217030048), (' the', 0.005734024103730917), (' the', 0.001282740500755608), (' the', 0.005384473130106926), (' the', 0.01019140426069498), (' the', 0.0017716728616505861), (' a', 0.015114064328372478), (' the', 0.0009026715997606516), (' the', 0.003676007501780987), (' the', 0.0045454720966517925), (' the', 0.001724457717500627), (' the', 0.0011483796406537294), (' the', 0.0010581162059679627), (' the', 0.0012141448678448796), (' the', 0.000685949984472245), (' the', 0.0006555047002620995), (' a', 0.002428086008876562), (' the', 0.0007532890886068344), (' the', 0.0012393516954034567), (' the', 0.0007277156691998243), (' the', 0.000443384051322937), (' the', 0.00029621346038766205), (' the', 0.0006165429367683828), (' the', 0.00038878529448993504), (' the', 0.0005764110246673226), (' the', 0.0002968341577798128), (' the', 0.0005635151755996048), (' the', 0.00029198601259849966), (' the', 0.00036444212310016155), (' the', 0.00017229910008609295), (' the', 0.0004286122857593), (' the', 0.0001102290116250515), (' the', 0.0006696319323964417), (' the', 0.00032241817098110914), (' the', 0.0003957242879550904), (' the', 0.0003005685575772077), (' the', 0.0004528629360720515)]"
3,"(' Apple', 0.09302423149347305)","(' the', 0.0002486990124452859)",2,"[(' the', 0.0003561094345059246), (' the', 0.008659870363771915), (' the', 0.0010063665686175227), (' the', 0.001747900270856917), (' the', 0.0007395168067887425), (' the', 0.0010019050678238273), (' the', 0.0013525655958801508), (' the', 0.0036488345358520746), (' the', 0.004610428586602211), (' the', 0.0017666248604655266), (' the', 0.005663519725203514), (' the', 0.0026256293058395386), (' the', 0.004281675908714533), (' the', 0.005195335950702429), (' the', 0.00282697263173759), (' the', 0.003541367594152689), (' a', 0.00109386770054698), (' the', 0.005728665739297867), (' the', 0.0014020551461726427), (' the', 0.008810451254248619), (' the', 0.005217152647674084), (' the', 0.003064689226448536), (' the', 0.003035173052921891), (' the', 0.0023681551683694124), (' the', 0.0015869437484070659), (' the', 0.0013705277815461159), (' the', 0.002624905901029706), (' the', 0.0014277719892561436), (' the', 0.0013381049502640963), (' the', 0.0005048841121606529), (' the', 0.0010204649297520518), (' the', 0.0011187527561560273), (' the', 0.0037412240635603666), (' the', 0.000578933279030025), (' the', 0.0003349518228787929), (' the', 0.00041252103983424604), (' the', 0.0007498245686292648), (' the', 0.00029576109955087304), (' the', 0.00036856241058558226), (' the', 0.0003463018801994622), (' the', 0.00014730736438650638), (' the', 0.0008688480011187494), (' the', 0.013949469663202763), (' the', 0.0003943075716961175), (' the', 0.0003538072342053056), (' the', 0.00031586381373926997), (' the', 0.00012876682740170509), (' the', 0.0007355354609899223)]"
4,"(' the', 0.07007152587175369)","(' the', 0.1093655377626419)",0,"[(' the', 0.05827818810939789), (' the', 0.2260194569826126), (' the', 0.07860235869884491), (' the', 0.1662997305393219), (' the', 0.2730618715286255), (' the', 0.10763823986053467), (' the', 0.2563040256500244), (' the', 0.04113316908478737), (' the', 0.15511761605739594), (' the', 0.12695053219795227), (' the', 0.07983025908470154), (' the', 0.3020583391189575), (' the', 0.08529885858297348), (' the', 0.10196298360824585), (' the', 0.0702541247010231), (' the', 0.1298639327287674), (' the', 0.0562281459569931), (' the', 0.08398643881082535), (' the', 0.12925125658512115), (' the', 0.13613617420196533), (' the', 0.044209811836481094), (' the', 0.04506603628396988), (' the', 0.31198927760124207), (' the', 0.129498690366745), (' the', 0.1820697784423828), (' the', 0.23363623023033142), (' the', 0.22276537120342255), (' the', 0.06683055311441422), (' the', 0.11466430872678757), (' the', 0.35724765062332153), (' the', 0.06384742259979248), (' the', 0.0723143145442009), (' the', 0.21265548467636108), ('\n', 0.027805054560303688), (' the', 0.23090441524982452), (' the', 0.110565684735775), (' the', 0.09760665893554688), (' the', 0.07811859995126724), (' the', 0.14471471309661865), (' the', 0.21706001460552216), (' the', 0.09682516753673553), (' the', 0.1191960796713829), (' the', 0.07894923537969589), (' the', 0.1511601358652115), (' the', 0.08956968039274216), (' the', 0.08032254129648209), (' the', 0.056917618960142136), (' the', 0.16067714989185333)]"
4,"(' the', 0.07007152587175369)","(' the', 0.1093655377626419)",1,"[(' the', 0.09520778059959412), (' the', 0.10798808932304382), (' the', 0.07026062160730362), (' the', 0.20017001032829285), (' the', 0.046932488679885864), (' the', 0.09580043703317642), (' the', 0.16060417890548706), (' the', 0.06045793369412422), (' the', 0.08683818578720093), (' the', 0.06368134915828705), (' the', 0.09074152261018753), (' the', 0.14787574112415314), (' the', 0.04788121581077576), (' the', 0.09275111556053162), (' the', 0.06356873363256454), (' created', 0.07434125989675522), (' the', 0.0662272647023201), (' the', 0.3127327561378479), (' the', 0.13644196093082428), (' the', 0.11157611012458801), (' the', 0.24525202810764313), (' the', 0.14514416456222534), (' the', 0.20189335942268372), (' the', 0.09898316115140915), (' the', 0.20442324876785278), (' the', 0.1827121078968048), (' the', 0.08427076041698456), (' the', 0.08657708019018173), (' the', 0.1105140894651413), (' the', 0.3719828128814697), (' the', 0.2778209149837494), (' the', 0.08982574939727783), (' the', 0.07231876999139786), (' the', 0.11923036724328995), (' the', 0.10388493537902832), (' the', 0.10743988305330276), (' the', 0.14215978980064392), (' the', 0.1722283661365509), (' the', 0.04019378498196602), (' the', 0.1993163526058197), (' the', 0.10849103331565857), (' the', 0.2553064525127411), (' the', 0.1147415041923523), (' the', 0.17119766771793365), (' the', 0.051535144448280334), (' the', 0.24653126299381256), (' the', 0.062069762498140335), (' 0', 0.023488234728574753)]"
4,"(' the', 0.07007152587175369)","(' the', 0.1093655377626419)",2,"[(' the', 0.3684799075126648), (' the', 0.11903265118598938), (' the', 0.10456462949514389), (' the', 0.09687024354934692), (' the', 0.26465341448783875), (' the', 0.09730911999940872), (' the', 0.10096248984336853), (' the', 0.09813939779996872), (' the', 0.09864316135644913), (' the', 0.09886622428894043), (',', 0.05188188701868057), (' the', 0.09404149651527405), (' the', 0.12947988510131836), (' the', 0.11926563084125519), (' the', 0.13061898946762085), (' the', 0.14812356233596802), (' the', 0.07207941263914108), (' the', 0.19394931197166443), (' the', 0.10300199687480927), (' the', 0.1140163391828537), (' the', 0.09323104470968246), (' the', 0.11673872917890549), (' the', 0.23939447104930878), (' the', 0.11443495750427246), (' the', 0.1187281608581543), (' the', 0.1989223062992096), (' the', 0.15501832962036133), (' the', 0.10228129476308823), (' the', 0.17474548518657684), (' the', 0.14500704407691956), (' the', 0.1436767727136612), (' the', 0.18954356014728546), (' the', 0.1273708939552307), (' the', 0.17899078130722046), (' the', 0.09065502136945724), (' the', 0.09630662947893143), (' the', 0.09523829072713852), (' the', 0.09510841965675354), (' the', 0.03791806474328041), (' the', 0.19917285442352295), (' the', 0.08518482744693756), (' the', 0.1220795288681984), (' the', 0.07843717187643051), (' the', 0.12212487310171127), (' the', 0.10999622941017151), (' the', 0.27303096652030945), (' the', 0.12356190383434296), (' the', 0.12246546149253845)]"
4,"(' the', 0.07007152587175369)","(' the', 0.1093655377626419)",3,"[(' the', 0.16876362264156342), (' the', 0.3808740973472595), (' the', 0.11998360604047775), (' the', 0.15122808516025543), (' the', 0.15933473408222198), (' the', 0.2556024193763733), (' the', 0.2800881862640381), (' the', 0.15227694809436798), (' the', 0.08388010412454605), (' the', 0.09437980502843857), (' the', 0.104555644094944), (' the', 0.0972006693482399), (' the', 0.12729454040527344), (' the', 0.07639757543802261), (' the', 0.13532014191150665), (' the', 0.13563698530197144), (' the', 0.14230656623840332), (' the', 0.18244242668151855), (' the', 0.0938175842165947), (' the', 0.09900382906198502), (' the', 0.07425963878631592), (' the', 0.24656566977500916), (' the', 0.10079272836446762), (' the', 0.16159164905548096), (' the', 0.08730384707450867), (' the', 0.15416669845581055), (' the', 0.11614767462015152), (' the', 0.10883431881666183), (' the', 0.11848371475934982), (' the', 0.06982145458459854), (' the', 0.15269669890403748), (' the', 0.07763899862766266), (' the', 0.09469907730817795), (' the', 0.05531109869480133), (' the', 0.09978628158569336), (' the', 0.21710196137428284), (' the', 0.1448531299829483), (' the', 0.23265379667282104), (' the', 0.14750385284423828), (' the', 0.07497864216566086), (' the', 0.06793332099914551), (' the', 0.19867517054080963), (' the', 0.42377638816833496), (' the', 0.11722264438867569), (' the', 0.12622129917144775), (' the', 0.10101517289876938), (' the', 0.10303094238042831), (' the', 0.04367382451891899)]"
4,"(' the', 0.07007152587175369)","(' the', 0.1093655377626419)",4,"[(' the', 0.12519831955432892), (' the', 0.07473031431436539), (' the', 0.09462706744670868), (' the', 0.14150318503379822), (' the', 0.1022954136133194), (' the', 0.09390000998973846), (' the', 0.12676745653152466), (' the', 0.2840964198112488), (' the', 0.38588303327560425), (' the', 0.09420978277921677), (' the', 0.1638040393590927), (',', 0.09041141718626022), (' the', 0.10593768954277039), (' the', 0.2557847201824188), (' the', 0.13314835727214813), (' the', 0.09712986648082733), (' the', 0.1196344643831253), (' the', 0.08656346797943115), (' the', 0.16944670677185059), (' the', 0.16534626483917236), (' the', 0.06271960586309433), (' the', 0.15376022458076477), (' the', 0.15447452664375305), (' the', 0.09810231626033783), (' the', 0.07866109907627106), (' in', 0.0005168261122889817), (' the', 0.11894182115793228), (' the', 0.10150816291570663), (' the', 0.22789227962493896), (' the', 0.04115872457623482), (' the', 0.17906790971755981), (' the', 0.10926428437232971), (' the', 0.16164229810237885), (' the', 0.17436523735523224), (' the', 0.24601951241493225), (' the', 0.06768468767404556), (' the', 0.2555340826511383), (' the', 0.30661022663116455), (' the', 0.10405963659286499), (' the', 0.21842548251152039), (' the', 0.07881538569927216), (' the', 0.24119697511196136), (' the', 0.07517572492361069), (' the', 0.09100144356489182), (' the', 0.09005217999219894), (' the', 0.1282079815864563), (' the', 0.07455723732709885), (' the', 0.2119329273700714)]"
4,"(' the', 0.07007152587175369)","(' the', 0.1093655377626419)",5,"[(' the', 0.06667332351207733), (' the', 0.1289311647415161), (' the', 0.1020255908370018), (' the', 0.14112848043441772), (' the', 0.1146816685795784), (' the', 0.07200253009796143), (' the', 0.11892680823802948), (' the', 0.1049281507730484), (' the', 0.17444361746311188), (' the', 0.23434939980506897), (' the', 0.112832210958004), (' the', 0.1510343998670578), (' the', 0.18756118416786194), (' the', 0.0660349652171135), (' the', 0.05219143256545067), (' the', 0.2913714051246643), (' the', 0.07639195770025253), (' the', 0.1512439101934433), (' the', 0.10686153918504715), (' the', 0.11694760620594025), (' the', 0.18470026552677155), (' the', 0.08189516514539719), (' the', 0.15209998190402985), (' the', 0.08269696682691574), (' the', 0.5009201169013977), (' the', 0.21617908775806427), (' the', 0.13382263481616974), (' the', 0.21524132788181305), (' the', 0.1071556806564331), (' the', 0.22872276604175568), (' the', 0.16121521592140198), (' the', 0.17167416214942932), (' the', 0.11626455932855606), (' the', 0.11040621995925903), (' the', 0.08453183621168137), (' the', 0.12009155005216599), (' the', 0.0653323382139206), (' the', 0.16346895694732666), (' the', 0.11196768283843994), (' the', 0.20246495306491852), (' the', 0.21782511472702026), (' the', 0.14116761088371277), (' the', 0.0842926949262619), (' the', 0.13565672934055328), (' the', 0.14387984573841095), (' the', 0.11254539340734482), (' the', 0.12829938530921936), (' the', 0.0881737619638443)]"
5,"(' the', 0.15168476104736328)","(' the', 0.25557586550712585)",0,"[(' the', 0.07819454371929169), (' the', 0.3347502648830414), (' the', 0.13304847478866577), (' the', 0.0814272090792656), (' the', 0.13808397948741913), (' the', 0.23857206106185913), (' the', 0.21303613483905792), (' the', 0.26876744627952576), (' the', 0.08938270062208176), (' the', 0.12325357645750046), (' the', 0.11205799877643585), (' the', 0.2481025755405426), (' the', 0.08599646389484406), (' the', 0.09135347604751587), (' the', 0.12082915008068085), (' the', 0.13603726029396057), (' the', 0.1938900202512741), (' the', 0.07383750379085541), (' the', 0.11620956659317017), (' the', 0.14221827685832977), (' the', 0.10820437967777252), (' the', 0.09019137918949127), (' the', 0.1634725034236908), (' the', 0.17611607909202576), (' the', 0.20627771317958832), (' the', 0.20158332586288452), (' the', 0.11799787729978561), (' the', 0.12094885110855103), (' the', 0.13638661801815033), (' the', 0.1114688366651535), (' the', 0.12935760617256165), (' the', 0.11810535937547684), (' the', 0.09246069192886353), (' the', 0.12579405307769775), (' the', 0.10101049393415451), (' the', 0.3370490074157715), (' the', 0.06258413940668106), (' the', 0.10837926715612411), (' the', 0.11542370170354843), (' the', 0.08544159680604935), (' the', 0.15687914192676544), (' the', 0.1640964299440384), (' the', 0.17399857938289642), (' the', 0.16285023093223572), (' the', 0.09370236843824387), (' the', 0.07811032235622406), (' the', 0.16117826104164124), (' the', 0.18374547362327576)]"
5,"(' the', 0.15168476104736328)","(' the', 0.25557586550712585)",1,"[(' the', 0.12481947988271713), (' the', 0.10412706434726715), (' the', 0.07962105423212051), (' the', 0.1079338788986206), (' the', 0.08327299356460571), (' the', 0.11038855463266373), (' the', 0.09157700091600418), (' the', 0.08065857738256454), (' the', 0.15578478574752808), (' the', 0.12800884246826172), (' the', 0.11380045861005783), (' the', 0.1677139550447464), (' the', 0.0793001800775528), (' the', 0.14446435868740082), (' the', 0.115556500852108), (' the', 0.08409393578767776), (' the', 0.07205122709274292), (' the', 0.16778072714805603), (' the', 0.08571506291627884), (' the', 0.1297369748353958), (' the', 0.11389217525720596), (' the', 0.11666622757911682), (' the', 0.0756472498178482), (' the', 0.12225944548845291), (' the', 0.08411896228790283), (' the', 0.26598432660102844), (' the', 0.14558157324790955), (' the', 0.11040152609348297), (' the', 0.07582689076662064), (' the', 0.16883887350559235), (' the', 0.18365593254566193), (' the', 0.12143499404191971), (' the', 0.11464312672615051), (' the', 0.09945710003376007), (' the', 0.10172253102064133), (' the', 0.16592587530612946), (' the', 0.1196240559220314), (' the', 0.1402432918548584), (' the', 0.12522318959236145), (' the', 0.11252865940332413), (' the', 0.16593825817108154), (' by', 0.06791798025369644), (' the', 0.10351312905550003), (' the', 0.13198013603687286), (' the', 0.14312432706356049), (' the', 0.13786011934280396), (' the', 0.16087143123149872), (' the', 0.1878271847963333)]"
6,"(' of', 0.7438451051712036)","(' of', 0.3841648995876312)",0,"[(' of', 0.3299647867679596), (' of', 0.6688681840896606), (' of', 0.4232114553451538), (' of', 0.30951857566833496), (' of', 0.1934206634759903), (' of', 0.2279251366853714), (' of', 0.5206353664398193), (' professionally', 0.1535646617412567), (' of', 0.46664732694625854), (' the', 0.09647435694932938), (' of', 0.2427775114774704), (' of', 0.26191142201423645), (' of', 0.4175929129123688), (' of', 0.5575975775718689), (' of', 0.22311708331108093), (' professionally', 0.2274676412343979), (' of', 0.25974687933921814), (' of', 0.36978667974472046), (' of', 0.5930352210998535), (' of', 0.3659803867340088), (' of', 0.3037475049495697), (' of', 0.5097047686576843), (' of', 0.5606120824813843), (' of', 0.48510903120040894), (' of', 0.3528977334499359), (' of', 0.5403301119804382), (' of', 0.5164961218833923), (' of', 0.4494788348674774), (' of', 0.35465922951698303), (' of', 0.46412694454193115), (' of', 0.22786718606948853), (' of', 0.369900643825531), (' of', 0.36643752455711365), (' of', 0.6209853887557983), (' of', 0.4387701153755188), (' of', 0.42955267429351807), (' of', 0.35799452662467957), (' of', 0.5941587090492249), (' of', 0.385915070772171), (' of', 0.4244702160358429), (' of', 0.59075528383255), (' of', 0.21265283226966858), (' of', 0.6032031774520874), (' of', 0.2614714205265045), (' of', 0.22502288222312927), (' of', 0.4044845998287201), (' of', 0.7356330752372742), (' of', 0.39763888716697693)]"
6,"(' of', 0.7438451051712036)","(' of', 0.3841648995876312)",1,"[(' of', 0.4205760955810547), (' of', 0.6582521200180054), (' of', 0.4877481162548065), (' of', 0.19551093876361847), (' of', 0.2481040358543396), (' professionally', 0.33718881011009216), (' of', 0.6382458806037903), ('.', 0.12853401899337769), (' of', 0.6329618692398071), (' of', 0.5426939129829407), (' of', 0.601111650466919), (' of', 0.43322694301605225), (' of', 0.24162063002586365), (' of', 0.38567599654197693), (' of', 0.6238747239112854), ('.', 0.18383783102035522), (' of', 0.5309671759605408), (' of', 0.49552932381629944), (' of', 0.4386811852455139), (' of', 0.62494295835495), (' of', 0.3924967348575592), (' of', 0.2809782028198242), (' of', 0.3653605282306671), (' of', 0.3099345564842224), (' of', 0.5377280116081238), (' of', 0.41444823145866394), (' of', 0.42441877722740173), (' of', 0.26024380326271057), (' of', 0.5335817337036133), (' of', 0.3130379319190979), (' of', 0.5459609031677246), (' of', 0.5303246974945068), (' of', 0.18328361213207245), (' of', 0.4427812695503235), (' of', 0.4371495544910431), (' of', 0.248610720038414), (' of', 0.5519928336143494), (' of', 0.4469678997993469), (' of', 0.5591662526130676), (' of', 0.78738933801651), (' of', 0.39809077978134155), (' of', 0.5029199719429016), (' of', 0.6106770038604736), (' of', 0.15096069872379303), (' of', 0.7362587451934814), (' of', 0.6239492893218994), (' of', 0.2305872142314911), (' of', 0.5346276164054871)]"
6,"(' of', 0.7438451051712036)","(' of', 0.3841648995876312)",2,"[(' professionally', 0.11677471548318863), (' of', 0.6363846063613892), (' of', 0.5541549921035767), (' of', 0.3214647173881531), (' of', 0.7585541605949402), (' of', 0.36362987756729126), (' of', 0.36317741870880127), (' of', 0.4459993839263916), (' of', 0.4405554234981537), (' of', 0.531087338924408), (' of', 0.6392582654953003), (' of', 0.4837319254875183), (' of', 0.25424107909202576), (' of', 0.29995888471603394), (' of', 0.2687792479991913), (' of', 0.16032710671424866), (' of', 0.48261287808418274), ('.', 0.15051013231277466), (' of', 0.48952266573905945), (' of', 0.6494019627571106), (' of', 0.5268767476081848), (' of', 0.2768948972225189), (' professionally', 0.07154309749603271), (' of', 0.45666465163230896), (' of', 0.5571902990341187), (' of', 0.4362494647502899), (' of', 0.3327513039112091), (' of', 0.7217401266098022), (' of', 0.5007157921791077), (' of', 0.4248054623603821), (' of', 0.36298927664756775), (' of', 0.37440964579582214), (' of', 0.3750981390476227), (' of', 0.34757182002067566), (' of', 0.3569771647453308), (' of', 0.44953933358192444), (' of', 0.3213827610015869), (' of', 0.41780731081962585), (' of', 0.37372392416000366), (' of', 0.6617145538330078), (' of', 0.3755953013896942), (' of', 0.27264833450317383), (' of', 0.7543913125991821), (' of', 0.35285764932632446), (' of', 0.670799732208252), (' of', 0.69217848777771), (' of', 0.3740905523300171), (' of', 0.2722368538379669)]"
6,"(' of', 0.7438451051712036)","(' of', 0.3841648995876312)",3,"[(' of', 0.2302839756011963), (' of', 0.6010298728942871), (' of', 0.6809121370315552), (' of', 0.34903088212013245), (' of', 0.3016955256462097), (' of', 0.4023716151714325), (' of', 0.45752933621406555), (' of', 0.49049079418182373), (' of', 0.25048598647117615), (' of', 0.19299611449241638), (' of', 0.47908851504325867), (' of', 0.35291850566864014), (' of', 0.5288581848144531), (' of', 0.2703248858451843), (' of', 0.42803213000297546), (' of', 0.41057342290878296), (' of', 0.487064003944397), (' of', 0.4090454578399658), (' of', 0.47424837946891785), (' of', 0.5353479981422424), (' of', 0.2019931674003601), (' of', 0.5732581615447998), (' of', 0.4601954221725464), (' of', 0.5448951721191406), (' of', 0.3417719602584839), (' of', 0.41440072655677795), (' of', 0.32169026136398315), (' of', 0.37969234585762024), (' of', 0.3525334298610687), (' of', 0.3040820360183716), (' of', 0.5722396969795227), (' of', 0.4686427712440491), (' of', 0.3123800754547119), (' of', 0.47041985392570496), (' the', 0.0902983695268631), (' of', 0.7137787342071533), (' of', 0.2866561710834503), (' professionally', 0.12332744151353836), (' of', 0.416061669588089), (' of', 0.3919580578804016), (' of', 0.3251781463623047), (' of', 0.2736123502254486), (' of', 0.2841559946537018), (' of', 0.23218247294425964), (' of', 0.5454477071762085), (' of', 0.280251145362854), (' of', 0.6211956739425659), (' of', 0.8313581943511963)]"
6,"(' of', 0.7438451051712036)","(' of', 0.3841648995876312)",4,"[(' of', 0.4175414443016052), (' of', 0.5377978086471558), (' of', 0.8165153861045837), (' of', 0.3184610903263092), (' of', 0.2880828082561493), (' of', 0.3922957479953766), ('\n', 0.009436676278710365), (' of', 0.22065913677215576), (' of', 0.5066646337509155), (' of', 0.482793927192688), (' the', 0.04384572058916092), (' professionally', 0.028250226750969887), (' of', 0.37016767263412476), (' of', 0.5083492398262024), (' of', 0.5345931053161621), (' of', 0.4675709307193756), (' of', 0.5851631164550781), (' of', 0.5287595391273499), (' of', 0.2783862054347992), (' of', 0.37540870904922485), (' of', 0.8041102886199951), (' of', 0.18925748765468597), (' of', 0.36990219354629517), (' of', 0.48154520988464355), (' of', 0.4113263189792633), (' of', 0.5767716765403748), (' of', 0.20267435908317566), (' of', 0.3422943949699402), (' of', 0.571914792060852), (' of', 0.4178222715854645), (' of', 0.18423110246658325), (' of', 0.5071961879730225), (' of', 0.3214389681816101), (' of', 0.4983535706996918), (' of', 0.3349846601486206), (' of', 0.4141785204410553), (' of', 0.18772800266742706), (' of', 0.37719765305519104), (' of', 0.6692789196968079), ('.', 0.1252705156803131), (' of', 0.5720764994621277), (' of', 0.5319625735282898), (' of', 0.565069317817688), (' of', 0.32604625821113586), (' of', 0.7207229733467102), (' of', 0.27995672821998596), (' of', 0.5530222654342651), (' of', 0.3925777077674866)]"
6,"(' of', 0.7438451051712036)","(' of', 0.3841648995876312)",5,"[(' of', 0.6136593222618103), (' of', 0.4825578033924103), (' of', 0.48211193084716797), (' of', 0.16847801208496094), (' of', 0.520818829536438), (' of', 0.8548873662948608), (' of', 0.2977617084980011), (' of', 0.5805687308311462), (' of', 0.5793181657791138), (' of', 0.8486994504928589), (' of', 0.6420543789863586), (' of', 0.6091788411140442), (' of', 0.5194345116615295), (' of', 0.44780224561691284), (' of', 0.4163818955421448), (' of', 0.46052345633506775), (' of', 0.847693145275116), (' of', 0.2810092270374298), (' of', 0.5386942028999329), (' of', 0.7357831001281738), (' of', 0.43862470984458923), (' of', 0.5945428013801575), (' of', 0.30492106080055237), (' of', 0.37842118740081787), (' of', 0.3414084315299988), (' of', 0.3482486307621002), (' of', 0.5200167894363403), (' of', 0.2893427312374115), (' of', 0.6050587296485901), (' of', 0.3738718330860138), (' of', 0.39432162046432495), (' of', 0.35076379776000977), (' of', 0.34680911898612976), (' of', 0.296348512172699), (' of', 0.36385658383369446), (' of', 0.17605498433113098), (' of', 0.3439326584339142), (' of', 0.30018308758735657), (' of', 0.21268095076084137), (' of', 0.20569667220115662), (' of', 0.2849193811416626), (' of', 0.34621289372444153), (' of', 0.4896823763847351), (' professionally', 0.1735963374376297), (' of', 0.5602583885192871), (' of', 0.18935644626617432), (' of', 0.4807674288749695), (' of', 0.5443441271781921)]"
7,"(' of', 0.5403680205345154)","(' of', 0.7390882968902588)",0,"[(' of', 0.579488217830658), (' of', 0.6090537309646606), (' of', 0.5691555142402649), (' of', 0.8147518038749695), (' of', 0.6493674516677856), (' of', 0.5711647868156433), (' of', 0.5194311738014221), (' of', 0.4936175048351288), (' of', 0.8063317537307739), (' of', 0.31680721044540405), (' of', 0.5608923435211182), (' of', 0.46653151512145996), (' of', 0.5309270024299622), (' of', 0.6998291015625), (' of', 0.5142160654067993), (' of', 0.5760732293128967), (' of', 0.7473046779632568), (' of', 0.6992486715316772), (' of', 0.294976145029068), (' of', 0.523907482624054), (' of', 0.4500347077846527), (' of', 0.4546162784099579), (' of', 0.5376144051551819), (' of', 0.5696319341659546), (' of', 0.7296595573425293), (' of', 0.6708920001983643), (' of', 0.6745175719261169), (' of', 0.7740256190299988), (' of', 0.5463006496429443), (' of', 0.7009201645851135), (' of', 0.48530277609825134), (' of', 0.35910725593566895), (' of', 0.3738817870616913), (' of', 0.48029083013534546), (' of', 0.7463855743408203), (' of', 0.6130433082580566), (' of', 0.5912769436836243), (' of', 0.7945550084114075), (' of', 0.5000402331352234), (' of', 0.4232582747936249), (' of', 0.2609979510307312), (' of', 0.5269084572792053), (' of', 0.7467795610427856), (' of', 0.49090951681137085), (' of', 0.6580184698104858), (' of', 0.7020145058631897), (' of', 0.6790315508842468), (' of', 0.6044511795043945)]"
7,"(' of', 0.5403680205345154)","(' of', 0.7390882968902588)",1,"[(' of', 0.6483574509620667), (' of', 0.6037153601646423), (' of', 0.5577794313430786), (' of', 0.589411735534668), (' of', 0.5693257451057434), (' of', 0.7846426367759705), (' of', 0.76576828956604), (' of', 0.6370781660079956), (' of', 0.6791399717330933), (' of', 0.7759901285171509), (' of', 0.6758595108985901), (' of', 0.6632974147796631), (' of', 0.521677553653717), (' of', 0.6570138335227966), (' of', 0.42096203565597534), (' of', 0.45988354086875916), (' of', 0.5965127944946289), (' of', 0.7441524863243103), (' of', 0.7582833170890808), (' of', 0.6430681943893433), (' of', 0.6318660378456116), (' of', 0.6878570914268494), (' of', 0.7309211492538452), (' of', 0.6514893174171448), (' of', 0.700160562992096), (' of', 0.6995244026184082), (' of', 0.676003098487854), (' of', 0.6800159215927124), (' of', 0.6541242003440857), (' of', 0.5651288628578186), (' of', 0.7054943442344666), (' of', 0.911267876625061), (' of', 0.470145046710968), (' of', 0.4620751142501831), (' of', 0.34751397371292114), (' of', 0.3816105127334595), (' of', 0.3477188050746918), (' of', 0.41386500000953674), (' of', 0.6722045540809631), (' of', 0.667327880859375), (' of', 0.593876838684082), (' of', 0.6887924075126648), (' of', 0.528569221496582), (' of', 0.685466468334198), (' of', 0.8220534324645996), (' of', 0.6407658457756042), (' of', 0.4335345923900604), (' of', 0.7882794141769409)]"
7,"(' of', 0.5403680205345154)","(' of', 0.7390882968902588)",2,"[(' of', 0.3868604600429535), (' of', 0.5537165999412537), (' of', 0.6532281041145325), (' of', 0.516693115234375), (' of', 0.7024654746055603), (' of', 0.5210145115852356), (' of', 0.3660568594932556), (' of', 0.6522201895713806), (' of', 0.4336257874965668), (' of', 0.6639024615287781), (' of', 0.6220136284828186), (' of', 0.7679352760314941), (' of', 0.6884154081344604), (' of', 0.6604325175285339), (' of', 0.5564671158790588), (' of', 0.5101129412651062), (' of', 0.6523104310035706), (' of', 0.5245017409324646), (' of', 0.715092658996582), (' of', 0.721914529800415), (' of', 0.8202016949653625), (' of', 0.676112949848175), (' of', 0.49170729517936707), (' of', 0.6869136691093445), (' of', 0.48297998309135437), (' of', 0.739724338054657), (' of', 0.6532579660415649), (' of', 0.635830283164978), (' of', 0.5232852697372437), (' of', 0.5309427976608276), (' of', 0.42005425691604614), (' of', 0.40541040897369385), (' of', 0.5810350179672241), (' of', 0.6723728179931641), (' of', 0.8690429329872131), (' of', 0.7621471881866455), (' of', 0.6175311207771301), (' of', 0.7728619575500488), (' of', 0.574714183807373), (' of', 0.6605592370033264), (' of', 0.5527833700180054), (' of', 0.7367472052574158), (' of', 0.28008368611335754), (' of', 0.8888699412345886), (' of', 0.7408677935600281), (' of', 0.6163382530212402), (' of', 0.8489612340927124), (' and', 0.12087631225585938)]"
7,"(' of', 0.5403680205345154)","(' of', 0.7390882968902588)",3,"[(' of', 0.7324689626693726), (' of', 0.43936049938201904), (' of', 0.8131017088890076), (' of', 0.5968570113182068), (' of', 0.6349385380744934), (' of', 0.5110900402069092), (' of', 0.8335558772087097), (' of', 0.7942695617675781), (' of', 0.7635935544967651), (' of', 0.6794682741165161), (' of', 0.7247993350028992), (' of', 0.8868734836578369), (' of', 0.726433277130127), (' of', 0.7009896039962769), (' of', 0.6903039216995239), (' of', 0.7767481207847595), (' of', 0.6707900762557983), (' of', 0.6231882572174072), (' of', 0.670330822467804), (' of', 0.42722180485725403), (' of', 0.5419671535491943), (' of', 0.8171865344047546), (' of', 0.6746011972427368), (' of', 0.8540831208229065), (' of', 0.6038669943809509), (' of', 0.6361023783683777), (' of', 0.4623296856880188), (' of', 0.7995271682739258), (' of', 0.736064612865448), (' of', 0.7499364018440247), (' of', 0.8220444917678833), (' of', 0.5538385510444641), (' of', 0.6726593375205994), (' of', 0.5520123243331909), (' of', 0.800352931022644), (' of', 0.6187101006507874), (' of', 0.8190329670906067), (' of', 0.5511078834533691), (' of', 0.6942293643951416), (' flu', 0.08827569335699081), (' of', 0.4350041151046753), (' of', 0.7890698313713074), (' of', 0.6589786410331726), (' of', 0.5664088726043701), (' of', 0.4530660808086395), (' of', 0.6180110573768616), (' of', 0.5867014527320862), (' of', 0.5702204704284668)]"
8,"(' former', 0.031691327691078186)","(' sound', 0.001071964856237173)",0,"[(' former', 0.023819388821721077), (' sound', 0.0008859331719577312), (' first', 0.0011060560354962945), (' daughter', 0.006928847637027502), (' first', 0.002459821756929159), (' first', 0.004100971855223179), (' only', 0.0014356171013787389), (' first', 0.0014864965341985226), (' ""', 0.002313595963642001), (' first', 0.0075382329523563385), (' Thief', 0.0017701302422210574), (' ""', 0.0014308519894257188), (' first', 0.0020071009639650583), (' first', 0.0016407055081799626), (' Greek', 0.0006441572331823409), (' first', 0.005683702416718006), (' former', 0.017433473840355873), (' ""', 0.0031513965222984552), (' first', 0.0023137549869716167), (' same', 0.003963950090110302), (' most', 0.0021878713741898537), (' power', 0.002599431201815605), (' only', 0.002456189598888159), (' largest', 0.013197643682360649), (' ""', 0.0012632012367248535), (' first', 0.002769764279946685), (' most', 0.000947536260355264), (' first', 0.0024918995331972837), (' first', 0.009019652381539345), (' world', 0.0023570621851831675), (' Lord', 0.0013129198923707008), (' Universal', 3.195011959178373e-05), (' first', 0.0017920138780027628), (' name', 0.0037990498822182417), (' first', 0.0024814726784825325), (' song', 0.0013617771910503507), (' son', 0.0017218833090737462), (' first', 0.002751959953457117), (' first', 0.0046111177653074265), (' Dark', 0.0018314691260457039), (' first', 0.002636783290654421), (' ""', 0.0043077473528683186), (' most', 0.0015250255819410086), (' Great', 0.002625473076477647), (' first', 0.001383752329275012), (' first', 0.0008190764347091317), (' number', 0.001769138383679092), (' first', 0.0014703072374686599)]"
8,"(' former', 0.031691327691078186)","(' sound', 0.001071964856237173)",1,"[(' Guardian', 0.001773332478478551), (' General', 0.0012662007939070463), (' first', 0.002113555558025837), (' ""', 0.004398778546601534), (' first', 0.00902278907597065), (' great', 0.002112283371388912), (' God', 0.009283078834414482), (' largest', 0.009745091199874878), (' number', 0.0008001218666322529), (' son', 0.007709803991019726), (' first', 0.0020698143634945154), (' first', 0.004724473226815462), (' first', 0.0033862090203911066), (' first', 0.0021079990547150373), (' first', 0.0033361969981342554), (' first', 0.008094461634755135), (' dragon', 0.0046117110177874565), (' King', 0.0028798282146453857), (' most', 0.0012208163971081376), (' first', 0.004643771797418594), (' first', 0.00306214508600533), (' first', 0.009936603717505932), (' Shining', 0.0014245160855352879), (' name', 0.0030464681331068277), (' King', 0.003680767957121134), (' first', 0.0007890995475463569), (' name', 0.00377730093896389), (' first', 0.0018876768881455064), (' first', 0.003067420329898596), (' first', 0.0009669042192399502), (' head', 0.022521428763866425), (' world', 0.0005613066023215652), (' compiler', 0.0005589569336734712), (' first', 0.004789790138602257), (' name', 0.0007867951062507927), (' first', 0.0023418834898620844), (' Time', 0.008086124435067177), (' King', 0.001177092082798481), (' first', 0.005179162602871656), (' first', 0.0019609907176345587), (' only', 0.0010821070754900575), (' first', 0.0022540397476404905), (' first', 0.0022095872554928064), (' first', 0.004132134839892387), (' Dark', 0.0023545005824416876), (' most', 0.0007084724493324757), (' first', 0.0013639613753184676), (' new', 0.005080959293991327)]"
8,"(' former', 0.031691327691078186)","(' sound', 0.001071964856237173)",2,"[(' Super', 6.1007391195744276e-05), (' former', 0.01789061352610588), (' first', 0.015290479175746441), (' first', 0.01108378916978836), (' first', 0.0093305055052042), (' first', 0.00221978104673326), (' name', 0.0024181650951504707), (' new', 0.00204374548047781), (' snow', 0.0020252675749361515), (' head', 0.015240101143717766), (' first', 0.007407041732221842), (' first', 0.014270019717514515), (' most', 0.004694732837378979), (' first', 0.009363383054733276), (' author', 0.010869449004530907), (' Shining', 0.011932814493775368), (' first', 0.004719305317848921), (' ""', 0.0030604267958551645), (' goddess', 0.0037480383180081844), (' first', 0.0022384675685316324), (' first', 0.002171063330024481), (' song', 0.0012337006628513336), (' first', 0.002999493619427085), (' first', 0.0029231631197035313), (' word', 0.0039749969728291035), (' first', 0.006244150921702385), (' first', 0.004103951156139374), (' word', 0.0008879335946403444), (' ""', 0.0019885876681655645), (' world', 0.0032416018657386303), (' word', 0.001216744421981275), (' first', 0.0024598059244453907), (' God', 3.2180156267713755e-05), (' first', 0.008650136180222034), (' Guardian', 0.0008282387861981988), (' first', 0.0030571462120860815), (' first', 0.003650413127616048), (' first', 0.0013193462509661913), (' first', 0.003186093643307686), (' king', 0.001540569239296019), (' first', 0.005121173337101936), (' first', 0.005651978310197592), (' king', 0.0023398040793836117), (' first', 0.0048424359411001205), (' first', 0.005295710172504187), (' ""', 0.0007344901678152382), (' sea', 0.001239915145561099), (' former', 0.01750222221016884)]"
9,"(' St', 0.36699384450912476)","(' the', 0.009736056439578533)",0,"[(' the', 0.017425594851374626), (' the', 0.04839828982949257), (' the', 0.014927227050065994), (' the', 0.010326958261430264), (' St', 0.08946239203214645), (' the', 0.016572928056120872), (' the', 0.013515379279851913), (' the', 0.014620939269661903), (' the', 0.012273210100829601), (' the', 0.012013843283057213), (' Melbourne', 0.0172728318721056), (' the', 0.012256589718163013), (' the', 0.0148824043571949), (' the', 0.014150413684546947), (' the', 0.012825912795960903), (' the', 0.005961761809885502), (' the', 0.015016715973615646), (' the', 0.014947880059480667), (' the', 0.011508218944072723), (' St', 0.09360624104738235), (' the', 0.012831765227019787), (' the', 0.03602640703320503), (' the', 0.02519279718399048), (' the', 0.014619532972574234), (' the', 0.02197398617863655), (' the', 0.009750754572451115), (' the', 0.008986477740108967), (' the', 0.007309084292501211), (' the', 0.03249705210328102), (' the', 0.010879946872591972), (' the', 0.010675319470465183), (' the', 0.02196122705936432), (' the', 0.018904920667409897), (' the', 0.010904749855399132), (' the', 0.017072897404432297), (' the', 0.015230045653879642), (' the', 0.009275328367948532), (' the', 0.010328172706067562), (' the', 0.014662584289908409), (' the', 0.0169695857912302), (' the', 0.04743786156177521), (' St', 0.055722419172525406), (' the', 0.012411772273480892), (' the', 0.058773502707481384), (' the', 0.009160012006759644), (' the', 0.010528306476771832), (' Amsterdam', 0.009898164309561253), (' a', 0.00017588524497114122)]"
9,"(' St', 0.36699384450912476)","(' the', 0.009736056439578533)",1,"[(' St', 0.2449144572019577), (' St', 0.25491735339164734), (' St', 0.3661643862724304), (' St', 0.3480862081050873), (' St', 0.33713236451148987), (' St', 0.3769434094429016), (' St', 0.36345165967941284), (' St', 0.32192322611808777), (' St', 0.30502617359161377), (' St', 0.3358911871910095), (' St', 0.2899032235145569), (' St', 0.28500524163246155), (' St', 0.3911220133304596), (' St', 0.2744247615337372), (' St', 0.30559733510017395), (' St', 0.21755874156951904), (' St', 0.35323745012283325), (' St', 0.21144309639930725), (' St', 0.2026427686214447), (' St', 0.3136122226715088), (' St', 0.22396109998226166), (' St', 0.25762149691581726), (' St', 0.24558612704277039), (' the', 0.08129061013460159), (' St', 0.12811815738677979), (' the', 0.05880531296133995), (' St', 0.21738490462303162), (' St', 0.2156316637992859), (' Moscow', 0.13088728487491608), ('\n', 0.00013419491006061435), (' St', 0.15507854521274567), (' St', 0.10528161376714706), (' St', 0.144605815410614), (' St', 0.13530953228473663), (' the', 0.04857388883829117), (' Moscow', 0.06092246621847153), (' the', 0.03683089464902878), (' Moscow', 0.025558294728398323), (' the', 0.035399775952100754), (' St', 0.08043188601732254), (' St', 0.04916058108210564), (' the', 0.0325414203107357), (' St', 0.06272552907466888), (' the', 0.010908856056630611), (' the', 0.008398911915719509), (' the', 0.010406387969851494), (' New', 0.013655091635882854), (' the', 0.013020741753280163)]"
